step,loss
1,0.3332078456878662
2,0.3311702013015747
3,0.3084498941898346
4,0.2804029881954193
5,0.2709589898586273
6,0.14522284269332886
7,0.13030701875686646
8,0.10537008196115494
9,0.10961094498634338
10,0.1113760843873024
11,0.1074085533618927
12,0.14743870496749878
13,0.14798861742019653
14,0.09524216502904892
15,0.10720832645893097
16,0.11993692815303802
17,0.16788111627101898
18,0.1492801308631897
19,0.1603507101535797
20,0.16452820599079132
21,0.17894583940505981
22,0.1557597815990448
23,0.15680062770843506
24,0.1546885073184967
25,0.1605125218629837
26,0.16273736953735352
27,0.1462763249874115
28,0.14994099736213684
29,0.14472243189811707
30,0.1370149850845337
31,0.12466374039649963
32,0.14493530988693237
33,0.12963706254959106
34,0.16227690875530243
35,0.13438808917999268
36,0.16537725925445557
37,0.1565016359090805
38,0.1340326964855194
39,0.12160097062587738
40,0.116092249751091
41,0.13250476121902466
42,0.11270350217819214
43,0.11145985126495361
44,0.1057567149400711
45,0.1584186851978302
46,0.1323712319135666
47,0.17200691998004913
48,0.13653066754341125
49,0.12349192798137665
50,0.11816826462745667
51,0.11096584796905518
52,0.12860500812530518
53,0.13739201426506042
54,0.14349745213985443
55,0.1742483675479889
56,0.1126590147614479
57,0.10305612534284592
58,0.10350672900676727
59,0.11219967901706696
60,0.1505921185016632
61,0.0933445394039154
62,0.11382394284009933
63,0.15201006829738617
64,0.16594359278678894
65,0.16218535602092743
66,0.11273815482854843
67,0.10408839583396912
68,0.10479512810707092
69,0.1693228781223297
70,0.17208701372146606
71,0.11439970135688782
72,0.14827409386634827
73,0.15855228900909424
74,0.1074180006980896
75,0.1089850664138794
76,0.09624218940734863
77,0.12896943092346191
78,0.11223511397838593
79,0.18613256514072418
80,0.11536963284015656
81,0.10413523018360138
82,0.09340856969356537
83,0.11455315351486206
84,0.08081836253404617
85,0.09387320280075073
86,0.14976851642131805
87,0.12208571285009384
88,0.17477667331695557
89,0.1134568303823471
90,0.11076195538043976
91,0.124193474650383
92,0.1400604397058487
93,0.10912114381790161
94,0.12254934012889862
95,0.1803949475288391
96,0.14828141033649445
97,0.10861043632030487
98,0.12104974687099457
99,0.17943429946899414
100,0.09446346759796143
101,0.11925442516803741
102,0.16384103894233704
103,0.12723037600517273
104,0.1228909119963646
105,0.16618257761001587
106,0.11293521523475647
107,0.12089395523071289
108,0.1310700923204422
109,0.11338821053504944
110,0.17851635813713074
111,0.14432990550994873
112,0.11284641921520233
113,0.12536972761154175
114,0.08477987349033356
115,0.08111421763896942
116,0.1985107958316803
117,0.1333974152803421
118,0.10595721006393433
119,0.12694810330867767
120,0.15067899227142334
121,0.15630990266799927
122,0.13247773051261902
123,0.09818226099014282
124,0.10263580083847046
125,0.10717535763978958
126,0.11764959245920181
127,0.1057668924331665
128,0.11929164826869965
129,0.10746770352125168
130,0.20288795232772827
131,0.17363065481185913
132,0.08648331463336945
133,0.10193280130624771
134,0.13237376511096954
135,0.13749289512634277
136,0.1087651476264
137,0.145666241645813
138,0.0958770364522934
139,0.11224779486656189
140,0.08808290958404541
141,0.09043556451797485
142,0.0900685042142868
143,0.13386504352092743
144,0.15193569660186768
145,0.11752797663211823
146,0.13077110052108765
147,0.13600660860538483
148,0.12025465071201324
149,0.11818026006221771
150,0.14441679418087006
151,0.10192103683948517
152,0.1668493151664734
153,0.09882278740406036
154,0.0981040745973587
155,0.09227895736694336
156,0.16992470622062683
157,0.1380194127559662
158,0.136924147605896
159,0.1356065422296524
160,0.08749130368232727
161,0.1792314499616623
162,0.1451696753501892
163,0.09412026405334473
164,0.14001178741455078
165,0.1183338314294815
166,0.09939295053482056
167,0.13891439139842987
168,0.12828496098518372
169,0.09612514823675156
170,0.1099245697259903
171,0.1372528374195099
172,0.11539837718009949
173,0.1627153903245926
174,0.14265477657318115
175,0.18520359694957733
176,0.11395727097988129
177,0.1003788560628891
178,0.09299588948488235
179,0.11633023619651794
180,0.12150489538908005
181,0.15598401427268982
182,0.15316197276115417
183,0.13975131511688232
184,0.11905177682638168
185,0.1269228756427765
186,0.11624486744403839
187,0.13815441727638245
188,0.1113615483045578
189,0.09704311192035675
190,0.1465688943862915
191,0.160170316696167
192,0.11403699219226837
193,0.1008557677268982
194,0.10851876437664032
195,0.09198006987571716
196,0.09804405272006989
197,0.10240446031093597
198,0.10328906774520874
199,0.105678029358387
200,0.17082343995571136
201,0.09246978908777237
202,0.10237854719161987
203,0.13586509227752686
204,0.13566502928733826
205,0.12606322765350342
206,0.1386946141719818
207,0.15409661829471588
208,0.18824994564056396
209,0.09333643317222595
210,0.1130780577659607
211,0.12915877997875214
212,0.13335385918617249
213,0.11285659670829773
214,0.10048578679561615
215,0.10856793820858002
216,0.10285590589046478
217,0.11240211874246597
218,0.18551629781723022
219,0.12266246229410172
220,0.1292661726474762
221,0.14938479661941528
222,0.17373555898666382
223,0.09429413080215454
224,0.1389046609401703
225,0.11793139576911926
226,0.14540095627307892
227,0.18062342703342438
228,0.17504554986953735
229,0.14928749203681946
230,0.1935373991727829
231,0.15145456790924072
232,0.14392313361167908
233,0.10370270907878876
234,0.10198789834976196
235,0.12235701084136963
236,0.11142076551914215
237,0.1774735450744629
238,0.1700451672077179
239,0.11836446076631546
240,0.11281561851501465
241,0.13883700966835022
242,0.18454089760780334
243,0.09880087524652481
244,0.15042701363563538
245,0.09541074931621552
246,0.08641105890274048
247,0.09636572003364563
248,0.08840709924697876
249,0.11572018265724182
250,0.11072797328233719
251,0.13913825154304504
252,0.13058118522167206
253,0.18247810006141663
254,0.12255078554153442
255,0.18474476039409637
256,0.1568247377872467
257,0.11252880096435547
258,0.11341412365436554
259,0.12106988579034805
260,0.15645074844360352
261,0.13934780657291412
262,0.1487884521484375
263,0.12292729318141937
264,0.10055023431777954
265,0.12279370427131653
266,0.14086487889289856
267,0.09099338203668594
268,0.11665581166744232
269,0.107667937874794
270,0.12296219170093536
271,0.10459611564874649
272,0.11139990389347076
273,0.11488843709230423
274,0.14381682872772217
275,0.11607279628515244
276,0.12857913970947266
277,0.11186125874519348
278,0.11149238049983978
279,0.1985941231250763
280,0.11179482936859131
281,0.10932764410972595
282,0.1956997811794281
283,0.11034278571605682
284,0.11310477554798126
285,0.1008768081665039
286,0.21216706931591034
287,0.12710803747177124
288,0.12528492510318756
289,0.1366901993751526
290,0.14347195625305176
291,0.12604716420173645
292,0.08994396030902863
293,0.13388530910015106
294,0.10577432811260223
295,0.1052331030368805
296,0.10999472439289093
297,0.1258857548236847
298,0.18543870747089386
299,0.16389408707618713
300,0.2073165476322174
301,0.11877229064702988
302,0.1920185387134552
303,0.15513570606708527
304,0.1807602345943451
305,0.2013540267944336
306,0.12758603692054749
307,0.11501598358154297
308,0.1192612424492836
309,0.1388670802116394
310,0.14082327485084534
311,0.1696513146162033
312,0.15223218500614166
313,0.1462421715259552
314,0.1406935155391693
315,0.13891470432281494
316,0.12014520168304443
317,0.11426176130771637
318,0.1004437506198883
319,0.13563404977321625
320,0.10140648484230042
321,0.1021723523736
322,0.10493871569633484
323,0.0880073755979538
324,0.09022144228219986
325,0.11516579985618591
326,0.15423163771629333
327,0.1208585798740387
328,0.1557539701461792
329,0.16284282505512238
330,0.20982058346271515
331,0.20959948003292084
332,0.1665685772895813
333,0.1811865270137787
334,0.1578582525253296
335,0.17287051677703857
336,0.11672547459602356
337,0.1880846619606018
338,0.16334831714630127
339,0.15193045139312744
340,0.13596971333026886
341,0.1930396556854248
342,0.18287259340286255
343,0.15348951518535614
344,0.17591047286987305
345,0.23140744864940643
346,0.14586672186851501
347,0.13468170166015625
348,0.14454403519630432
349,0.12360937893390656
350,0.11205174773931503
351,0.09259990602731705
352,0.08463920652866364
353,0.08620688319206238
354,0.15472324192523956
355,0.11229515820741653
356,0.12117596715688705
357,0.18279314041137695
358,0.15227653086185455
359,0.12426047027111053
360,0.12057819962501526
361,0.10744042694568634
362,0.10739520192146301
363,0.10176186263561249
364,0.09963817894458771
365,0.12856441736221313
366,0.22255870699882507
367,0.12744346261024475
368,0.13700908422470093
369,0.16978329420089722
370,0.10491450130939484
371,0.11457525938749313
372,0.10376708954572678
373,0.10344679653644562
374,0.103975310921669
375,0.1335282027721405
376,0.1377282440662384
377,0.15128785371780396
378,0.17357301712036133
379,0.1286046802997589
380,0.14916983246803284
381,0.1587807685136795
382,0.1231388971209526
383,0.12077601253986359
384,0.18905778229236603
385,0.1747433841228485
386,0.10756325721740723
387,0.10188992321491241
388,0.09803096950054169
389,0.09724953770637512
390,0.13956046104431152
391,0.11170053482055664
392,0.13479572534561157
393,0.12182801216840744
394,0.17847789824008942
395,0.14188073575496674
396,0.11997036635875702
397,0.1234624981880188
398,0.11784666776657104
399,0.1805792599916458
400,0.19679002463817596
401,0.18793152272701263
402,0.11446652561426163
403,0.10707321763038635
404,0.11134391278028488
405,0.1441955864429474
406,0.101785808801651
407,0.12695269286632538
408,0.11017154157161713
409,0.11393748968839645
410,0.13895368576049805
411,0.10954184830188751
412,0.10923679172992706
413,0.12691889703273773
414,0.11825773119926453
415,0.163959801197052
416,0.1585323065519333
417,0.12211380153894424
418,0.10501644015312195
419,0.10830210149288177
420,0.17573127150535583
421,0.12985819578170776
422,0.1421014964580536
423,0.11735618859529495
424,0.1383541226387024
425,0.1649298518896103
426,0.09471170604228973
427,0.10425686836242676
428,0.12066604197025299
429,0.12063345313072205
430,0.1277601271867752
431,0.1807451844215393
432,0.16747832298278809
433,0.17692434787750244
434,0.16860011219978333
435,0.16963782906532288
436,0.1954057514667511
437,0.17136773467063904
438,0.14769740402698517
439,0.1971101313829422
440,0.12617650628089905
441,0.14775098860263824
442,0.12967318296432495
443,0.09132125973701477
444,0.10337120294570923
445,0.10863740742206573
446,0.13758045434951782
447,0.18751484155654907
448,0.12077906727790833
449,0.1757003366947174
450,0.16886451840400696
451,0.10679477453231812
452,0.10010699927806854
453,0.13431084156036377
454,0.12044306844472885
455,0.104984812438488
456,0.11606070399284363
457,0.17290079593658447
458,0.1121453046798706
459,0.15910640358924866
460,0.15063241124153137
461,0.14681647717952728
462,0.11406701803207397
463,0.15064595639705658
464,0.12013345956802368
465,0.10627084225416183
466,0.1246606707572937
467,0.20691460371017456
468,0.18801680207252502
469,0.15187186002731323
470,0.16734756529331207
471,0.13786780834197998
472,0.13254040479660034
473,0.13065242767333984
474,0.13079839944839478
475,0.18777844309806824
476,0.1461174339056015
477,0.16688495874404907
478,0.2240561991930008
479,0.20926663279533386
480,0.15109774470329285
481,0.14686395227909088
482,0.10544221103191376
483,0.15282905101776123
484,0.09162897616624832
485,0.09594188630580902
486,0.17516577243804932
487,0.10213197767734528
488,0.12156365811824799
489,0.1189870685338974
490,0.11995101720094681
491,0.12251096963882446
492,0.1514550894498825
493,0.18332917988300323
494,0.17070266604423523
495,0.13791970908641815
496,0.14825107157230377
497,0.10842205584049225
498,0.1367596685886383
499,0.10426698625087738
500,0.17146989703178406
501,0.10327964276075363
502,0.1073027178645134
503,0.12175823748111725
504,0.13543695211410522
505,0.1271055042743683
506,0.14265920221805573
507,0.14263778924942017
508,0.14465539157390594
509,0.23363780975341797
510,0.20024043321609497
511,0.16676384210586548
512,0.15171876549720764
513,0.139508455991745
514,0.12477917969226837
515,0.11060133576393127
516,0.11253421008586884
517,0.18695129454135895
518,0.11207527667284012
519,0.11353524774312973
520,0.15281768143177032
521,0.1311933398246765
522,0.13188442587852478
523,0.0990116223692894
524,0.10240829735994339
525,0.11568902432918549
526,0.1216404139995575
527,0.10838791728019714
528,0.10776528716087341
529,0.11485360562801361
530,0.11633152514696121
531,0.17022563517093658
532,0.2274995893239975
533,0.1321936398744583
534,0.1151217669248581
535,0.15381357073783875
536,0.14936774969100952
537,0.11024776101112366
538,0.14994320273399353
539,0.1386997401714325
540,0.10601294040679932
541,0.1146145761013031
542,0.10919659584760666
543,0.1074410080909729
544,0.15923142433166504
545,0.16071033477783203
546,0.16946344077587128
547,0.20475903153419495
548,0.14045026898384094
549,0.1834762990474701
550,0.13407567143440247
551,0.20800477266311646
552,0.13143521547317505
553,0.13852064311504364
554,0.13300660252571106
555,0.148893803358078
556,0.20428797602653503
557,0.1522882878780365
558,0.13466010987758636
559,0.12909555435180664
560,0.14456167817115784
561,0.17958283424377441
562,0.09982937574386597
563,0.14186528325080872
564,0.09293026477098465
565,0.12528547644615173
566,0.1078283041715622
567,0.1412934809923172
568,0.12689843773841858
569,0.10885345190763474
570,0.11252796649932861
571,0.10517601668834686
572,0.11696501076221466
573,0.12581771612167358
574,0.11499243974685669
575,0.11756150424480438
576,0.14752431213855743
577,0.12994208931922913
578,0.13866347074508667
579,0.16957193613052368
580,0.24707436561584473
581,0.18208180367946625
582,0.14892585575580597
583,0.17593470215797424
584,0.11637056618928909
585,0.13752233982086182
586,0.1538168489933014
587,0.10495889186859131
588,0.09382745623588562
589,0.160318523645401
590,0.1634867787361145
591,0.13215236365795135
592,0.1759428083896637
593,0.1720302551984787
594,0.20318692922592163
595,0.21132993698120117
596,0.1705477237701416
597,0.15436217188835144
598,0.1541372686624527
599,0.1709379404783249
600,0.1491265892982483
601,0.15136241912841797
602,0.15482769906520844
603,0.14006179571151733
604,0.13151445984840393
605,0.16109639406204224
606,0.15766781568527222
607,0.13794957101345062
608,0.1784471571445465
609,0.2026498168706894
610,0.18777690827846527
611,0.19416597485542297
612,0.18879538774490356
613,0.11747448146343231
614,0.1308663934469223
615,0.1252496838569641
616,0.1005343496799469
617,0.09797558933496475
618,0.12612901628017426
619,0.13516491651535034
620,0.09769129753112793
621,0.1096988320350647
622,0.10037434846162796
623,0.11258338391780853
624,0.12671485543251038
625,0.171128511428833
626,0.1940019577741623
627,0.18018771708011627
628,0.15954171121120453
629,0.1233675628900528
630,0.13113665580749512
631,0.0986337661743164
632,0.10275823622941971
633,0.12238499522209167
634,0.11237280070781708
635,0.20500552654266357
636,0.1537078320980072
637,0.18559473752975464
638,0.15712794661521912
639,0.13403543829917908
640,0.12901070713996887
641,0.147157222032547
642,0.11807151138782501
643,0.13534212112426758
644,0.08839718997478485
645,0.11915616691112518
646,0.11295944452285767
647,0.14106258749961853
648,0.13144025206565857
649,0.17789821326732635
650,0.20705701410770416
651,0.14508098363876343
652,0.18500182032585144
653,0.19539690017700195
654,0.1750962734222412
655,0.169352188706398
656,0.18317434191703796
657,0.16718372702598572
658,0.17408692836761475
659,0.15952467918395996
660,0.1374291628599167
661,0.15852247178554535
662,0.13344275951385498
663,0.13545480370521545
664,0.15003806352615356
665,0.1408623307943344
666,0.21789786219596863
667,0.17497748136520386
668,0.14356642961502075
669,0.17538830637931824
670,0.18344584107398987
671,0.1304439902305603
672,0.18141603469848633
673,0.11722006648778915
674,0.12708336114883423
675,0.09166361391544342
676,0.08544598519802094
677,0.10389428585767746
678,0.11921609193086624
679,0.09213332086801529
680,0.10789188742637634
681,0.18016143143177032
682,0.13605034351348877
683,0.13311076164245605
684,0.16491153836250305
685,0.09377038478851318
686,0.13152219355106354
687,0.13367949426174164
688,0.08729227632284164
689,0.10325215756893158
690,0.13513122498989105
691,0.1116495132446289
692,0.12989991903305054
693,0.179596409201622
694,0.11538288742303848
695,0.15182477235794067
696,0.14140406250953674
697,0.13359099626541138
698,0.1789938360452652
699,0.2194342017173767
700,0.1806401014328003
701,0.20331792533397675
702,0.14178989827632904
703,0.1396278291940689
704,0.14438992738723755
705,0.1392757147550583
706,0.13463184237480164
707,0.15246374905109406
708,0.15366369485855103
709,0.19688063859939575
710,0.19015593826770782
711,0.13216158747673035
712,0.13667869567871094
713,0.14603666961193085
714,0.15206673741340637
715,0.1327393651008606
716,0.14020082354545593
717,0.12833774089813232
718,0.13398990035057068
719,0.12875211238861084
720,0.1536845564842224
721,0.12066338211297989
722,0.1834176778793335
723,0.1314583122730255
724,0.12183494865894318
725,0.09949732571840286
726,0.12400402128696442
727,0.09912437200546265
728,0.11110783368349075
729,0.12122426927089691
730,0.13703270256519318
731,0.1426541656255722
732,0.13241706788539886
733,0.13686531782150269
734,0.14542937278747559
735,0.16522660851478577
736,0.15732386708259583
737,0.12639719247817993
738,0.18610045313835144
739,0.16077549755573273
740,0.07184907048940659
741,0.07844693958759308
742,0.07502876222133636
743,0.09751709550619125
744,0.15437977015972137
745,0.11786961555480957
746,0.14621439576148987
747,0.13277029991149902
748,0.1377842128276825
749,0.1343783140182495
750,0.20766544342041016
751,0.12954992055892944
752,0.15437600016593933
753,0.13270075619220734
754,0.11887937784194946
755,0.15732169151306152
756,0.1432105302810669
757,0.12177443504333496
758,0.1674794852733612
759,0.1151120737195015
760,0.16749268770217896
761,0.1515328586101532
762,0.11384004354476929
763,0.13863755762577057
764,0.15934868156909943
765,0.1562676578760147
766,0.1782802939414978
767,0.16748762130737305
768,0.19668033719062805
769,0.16708368062973022
770,0.14833788573741913
771,0.1439785659313202
772,0.16287484765052795
773,0.101459801197052
774,0.10940137505531311
775,0.0875832587480545
776,0.08810848742723465
777,0.12436150014400482
778,0.17485715448856354
779,0.1676061451435089
780,0.13281938433647156
781,0.10493700206279755
782,0.10170949250459671
783,0.1912921965122223
784,0.18057620525360107
785,0.15240994095802307
786,0.108048215508461
787,0.0835704356431961
788,0.0768817663192749
789,0.09822769463062286
790,0.13590015470981598
791,0.11567798256874084
792,0.11653850227594376
793,0.13141117990016937
794,0.13755109906196594
795,0.16067129373550415
796,0.20844575762748718
797,0.13676483929157257
798,0.157497376203537
799,0.17805907130241394
800,0.13388100266456604
801,0.13730838894844055
802,0.15253488719463348
803,0.10855080187320709
804,0.12763044238090515
805,0.09105747193098068
806,0.11366372555494308
807,0.12256156653165817
808,0.14674067497253418
809,0.14467285573482513
810,0.13264526426792145
811,0.1288205087184906
812,0.1856520175933838
813,0.10595346987247467
814,0.11278346180915833
815,0.10348918288946152
816,0.08678127080202103
817,0.08286163210868835
818,0.09411021322011948
819,0.1247248575091362
820,0.0955674946308136
821,0.0772840678691864
822,0.08018998056650162
823,0.10839280486106873
824,0.1094999760389328
825,0.1714707314968109
826,0.14212924242019653
827,0.14771993458271027
828,0.14582718908786774
829,0.13098058104515076
830,0.09644316136837006
831,0.14023184776306152
832,0.08719315379858017
833,0.09348639845848083
834,0.0711262971162796
835,0.06997844576835632
836,0.11355821043252945
837,0.12597112357616425
838,0.07215534895658493
839,0.13340452313423157
840,0.08941879868507385
841,0.07189811766147614
842,0.12703396379947662
843,0.07868285477161407
844,0.1101362556219101
845,0.12134620547294617
846,0.10561399906873703
847,0.0876656323671341
848,0.15310190618038177
849,0.08835149556398392
850,0.12317425012588501
851,0.11136728525161743
852,0.10081914067268372
853,0.11522148549556732
854,0.12140485644340515
855,0.1519867181777954
856,0.11380278319120407
857,0.14115598797798157
858,0.08700685948133469
859,0.09167027473449707
860,0.07137154042720795
861,0.10138680040836334
862,0.08421778678894043
863,0.11551558971405029
864,0.1447838842868805
865,0.09023010730743408
866,0.12859225273132324
867,0.1045476496219635
868,0.0802469402551651
869,0.07617633044719696
870,0.13566112518310547
871,0.10258263349533081
872,0.08587874472141266
873,0.08670927584171295
874,0.0863693431019783
875,0.09089086949825287
876,0.09117332100868225
877,0.18425022065639496
878,0.14885613322257996
879,0.0890779197216034
880,0.08567185699939728
881,0.06851319968700409
882,0.11888600885868073
883,0.08358336985111237
884,0.0774584487080574
885,0.08790095150470734
886,0.1385771930217743
887,0.132722407579422
888,0.17256994545459747
889,0.2119617760181427
890,0.18122591078281403
891,0.19471296668052673
892,0.1426645815372467
893,0.1412978172302246
894,0.1459013968706131
895,0.13830044865608215
896,0.14077410101890564
897,0.15505178272724152
898,0.1316279023885727
899,0.13797809183597565
900,0.13739749789237976
901,0.13250452280044556
902,0.1509620100259781
903,0.1654488742351532
904,0.1356375813484192
905,0.1282871663570404
906,0.14179933071136475
907,0.12702149152755737
908,0.12070737779140472
909,0.17915426194667816
910,0.17284519970417023
911,0.12635816633701324
912,0.08343425393104553
913,0.10968294739723206
914,0.09717512875795364
915,0.09181618690490723
916,0.09877923130989075
917,0.0878746509552002
918,0.10138239711523056
919,0.08969122171401978
920,0.11414212733507156
921,0.10048267245292664
922,0.11603917181491852
923,0.12035045772790909
924,0.1156037226319313
925,0.15018513798713684
926,0.13024285435676575
927,0.091962069272995
928,0.09540820121765137
929,0.08658023923635483
930,0.08743968605995178
931,0.1436992883682251
932,0.09138765186071396
933,0.11552144587039948
934,0.11442544311285019
935,0.08058641105890274
936,0.10214834660291672
937,0.07987113296985626
938,0.06975361704826355
939,0.07516878843307495
940,0.12076509743928909
941,0.09291525185108185
942,0.11305534839630127
943,0.1282714605331421
944,0.16015242040157318
945,0.10684945434331894
946,0.08877614140510559
947,0.09033516049385071
948,0.12425334751605988
949,0.09487196058034897
950,0.0848461389541626
951,0.08997167646884918
952,0.10818031430244446
953,0.09451285004615784
954,0.1607564091682434
955,0.1325342059135437
956,0.14598436653614044
957,0.10110307484865189
958,0.14320999383926392
959,0.10936712473630905
960,0.12164566665887833
961,0.11977945268154144
962,0.14222295582294464
963,0.13721856474876404
964,0.1322915256023407
965,0.16451938450336456
966,0.10664095729589462
967,0.10312795639038086
968,0.09803113341331482
969,0.09539265930652618
970,0.09320876002311707
971,0.09307798743247986
972,0.09797695279121399
973,0.10364508628845215
974,0.10126132518053055
975,0.10120832175016403
976,0.11753836274147034
977,0.14250946044921875
978,0.12176372110843658
979,0.11602342873811722
980,0.08704367280006409
981,0.09163950383663177
982,0.10332418978214264
983,0.13831818103790283
984,0.1322363018989563
985,0.1001867800951004
986,0.10737686604261398
987,0.11945919692516327
988,0.11451110243797302
989,0.11409911513328552
990,0.12592996656894684
991,0.15545308589935303
992,0.15597683191299438
993,0.13254620134830475
994,0.14028379321098328
995,0.1075662225484848
996,0.08926879614591599
997,0.08584278076887131
998,0.13351064920425415
999,0.09987031668424606
1000,0.11845475435256958
1001,0.11833067238330841
1002,0.12960077822208405
1003,0.160212904214859
1004,0.15076249837875366
1005,0.1443520486354828
1006,0.14936068654060364
1007,0.14794984459877014
1008,0.17517220973968506
1009,0.15780317783355713
1010,0.13210950791835785
1011,0.13401128351688385
1012,0.12929466366767883
1013,0.13684988021850586
1014,0.14628472924232483
1015,0.11298827826976776
1016,0.11161204427480698
1017,0.10827817022800446
1018,0.11246830224990845
1019,0.11626455187797546
1020,0.13033293187618256
1021,0.16802871227264404
1022,0.1644783914089203
1023,0.16801327466964722
1024,0.1718732714653015
1025,0.14631427824497223
1026,0.14981737732887268
1027,0.1304122358560562
1028,0.1228405311703682
1029,0.11249613761901855
1030,0.12266764044761658
1031,0.1101871207356453
1032,0.11884184181690216
1033,0.131483256816864
1034,0.15505924820899963
1035,0.1273919939994812
1036,0.10372383892536163
1037,0.10724860429763794
1038,0.10391228646039963
1039,0.12118008732795715
1040,0.11345650255680084
1041,0.10790462791919708
1042,0.10612130165100098
1043,0.10404665768146515
1044,0.1183498352766037
1045,0.10024289786815643
1046,0.10101577639579773
1047,0.11078089475631714
1048,0.10210282355546951
1049,0.11730150878429413
1050,0.09861382097005844
1051,0.1066177487373352
1052,0.09772047400474548
1053,0.10193385928869247
1054,0.12428050488233566
1055,0.11407913267612457
1056,0.11650501191616058
1057,0.13058912754058838
1058,0.11957673728466034
1059,0.08920950442552567
1060,0.0942198783159256
1061,0.09311775863170624
1062,0.10157950222492218
1063,0.11034728586673737
1064,0.11165020614862442
1065,0.1431182324886322
1066,0.13908672332763672
1067,0.12185049802064896
1068,0.127506822347641
1069,0.10547453165054321
1070,0.12407584488391876
1071,0.1014353483915329
1072,0.10215538740158081
1073,0.10598967224359512
1074,0.11150820553302765
1075,0.11033807694911957
1076,0.12080623209476471
1077,0.12642566859722137
1078,0.12239372730255127
1079,0.10729137063026428
1080,0.10863251984119415
1081,0.10053279250860214
1082,0.10792077332735062
1083,0.11737939715385437
1084,0.1071358472108841
1085,0.12268168479204178
1086,0.12751951813697815
1087,0.11123144626617432
1088,0.1124185100197792
1089,0.11748223751783371
1090,0.11354785412549973
1091,0.10949648171663284
1092,0.12501958012580872
1093,0.14256761968135834
1094,0.1335701197385788
1095,0.10322674363851547
1096,0.09412670135498047
1097,0.095892995595932
1098,0.10842787474393845
1099,0.11319434642791748
1100,0.12902745604515076
1101,0.10980188846588135
1102,0.12404950708150864
1103,0.11245205253362656
1104,0.13734778761863708
1105,0.12576685845851898
1106,0.12941265106201172
1107,0.10225322842597961
1108,0.089332714676857
1109,0.09120064973831177
1110,0.09136581420898438
1111,0.10794307291507721
1112,0.12450067698955536
1113,0.12431524693965912
1114,0.12223140150308609
1115,0.11510074138641357
1116,0.11912722140550613
1117,0.11412277072668076
1118,0.1195024847984314
1119,0.11338645219802856
1120,0.09726154059171677
1121,0.09592850506305695
1122,0.10671547800302505
1123,0.11923150718212128
1124,0.11006414890289307
1125,0.1241917610168457
1126,0.11110125482082367
1127,0.10940169543027878
1128,0.10539503395557404
1129,0.10741397738456726
1130,0.12435883283615112
1131,0.11494193971157074
1132,0.11597104370594025
1133,0.09616575390100479
1134,0.09595824778079987
1135,0.09112778306007385
1136,0.09643250703811646
1137,0.10650305449962616
1138,0.1333802193403244
1139,0.12699083983898163
1140,0.13021713495254517
1141,0.1173979714512825
1142,0.10301416367292404
1143,0.09116846323013306
1144,0.09775360673666
1145,0.09196789562702179
1146,0.0965394675731659
1147,0.10497230291366577
1148,0.12680336833000183
1149,0.12590855360031128
1150,0.12664681673049927
1151,0.11816875636577606
1152,0.10729633271694183
1153,0.10831615328788757
1154,0.10083365440368652
1155,0.09104927629232407
1156,0.10518025606870651
1157,0.10978159308433533
1158,0.11503720283508301
1159,0.1002034991979599
1160,0.10109248757362366
1161,0.10273543745279312
1162,0.11782480031251907
1163,0.12220920622348785
1164,0.12153425812721252
1165,0.12145167589187622
1166,0.10841226577758789
1167,0.09800561517477036
1168,0.10507649183273315
1169,0.10434236377477646
1170,0.1105850338935852
1171,0.1070561408996582
1172,0.10483048856258392
1173,0.11317630112171173
1174,0.106631338596344
1175,0.10999560356140137
1176,0.11323149502277374
1177,0.1151069849729538
1178,0.11217625439167023
1179,0.09135690331459045
1180,0.09023027867078781
1181,0.09827955067157745
1182,0.11771752685308456
1183,0.12163761258125305
1184,0.12034869194030762
1185,0.12123174965381622
1186,0.10906949639320374
1187,0.11108051240444183
1188,0.10646229982376099
1189,0.10627664625644684
1190,0.11860531568527222
1191,0.12394240498542786
1192,0.12701120972633362
1193,0.12044824659824371
1194,0.11463621258735657
1195,0.1070806235074997
1196,0.10436029732227325
1197,0.09791922569274902
1198,0.10809417814016342
1199,0.11204846203327179
1200,0.11416073888540268
1201,0.12203124910593033
1202,0.12738284468650818
1203,0.13209939002990723
1204,0.12412227690219879
1205,0.11518419533967972
1206,0.10199514031410217
1207,0.1079467236995697
1208,0.11581362783908844
1209,0.1273280382156372
1210,0.12083634734153748
1211,0.12118295580148697
1212,0.115301713347435
1213,0.10086321830749512
1214,0.10807137936353683
1215,0.10723334550857544
1216,0.12595462799072266
1217,0.1190858781337738
1218,0.12185387313365936
1219,0.12209774553775787
1220,0.1271633505821228
1221,0.1256197690963745
1222,0.12179107218980789
1223,0.11004819720983505
1224,0.11727873980998993
1225,0.09764495491981506
1226,0.10827437043190002
1227,0.11299508064985275
1228,0.11559245735406876
1229,0.128096342086792
1230,0.12616083025932312
1231,0.13049551844596863
1232,0.12756305932998657
1233,0.12737585604190826
1234,0.11862866580486298
1235,0.10567498207092285
1236,0.09444130957126617
1237,0.09418521821498871
1238,0.1012817919254303
1239,0.1125730350613594
1240,0.12201714515686035
1241,0.11684678494930267
1242,0.12184975296258926
1243,0.12425747513771057
1244,0.122722327709198
1245,0.11484956741333008
1246,0.12704482674598694
1247,0.12445176392793655
1248,0.11375656723976135
1249,0.12098003923892975
1250,0.1194102019071579
1251,0.11122846603393555
1252,0.1281769573688507
1253,0.12576085329055786
1254,0.12461750954389572
1255,0.13109931349754333
1256,0.11720442771911621
1257,0.12407907843589783
1258,0.12460311502218246
1259,0.11132209002971649
1260,0.10354763269424438
1261,0.10249649733304977
1262,0.11324924230575562
1263,0.12800633907318115
1264,0.13122177124023438
1265,0.1284749060869217
1266,0.1383472979068756
1267,0.128594309091568
1268,0.12128815054893494
1269,0.10125432908535004
1270,0.10394392162561417
1271,0.10277628898620605
1272,0.10464054346084595
1273,0.11801886558532715
1274,0.11550220102071762
1275,0.12446358054876328
1276,0.12015506625175476
1277,0.1312982141971588
1278,0.12210409343242645
1279,0.1243043914437294
1280,0.12619970738887787
1281,0.1251535266637802
1282,0.11009807139635086
1283,0.12570101022720337
1284,0.11934716999530792
1285,0.11448164284229279
1286,0.11713459342718124
1287,0.126248300075531
1288,0.13486550748348236
1289,0.12933193147182465
1290,0.13200491666793823
1291,0.1235383152961731
1292,0.10716665536165237
1293,0.10010594129562378
1294,0.11300796270370483
1295,0.12365658581256866
1296,0.12006573379039764
1297,0.12153010070323944
1298,0.12445814907550812
1299,0.12506140768527985
1300,0.1337112933397293
1301,0.1328398734331131
1302,0.12139640748500824
1303,0.12137804925441742
1304,0.12077758461236954
1305,0.11432147026062012
1306,0.12832434475421906
1307,0.12539103627204895
1308,0.11827101558446884
1309,0.12017025798559189
1310,0.11296413838863373
1311,0.12359929084777832
1312,0.13496166467666626
1313,0.12728235125541687
1314,0.1369636058807373
1315,0.1280127465724945
1316,0.1211826503276825
1317,0.11541149765253067
1318,0.11608805507421494
1319,0.1158226728439331
1320,0.12037438154220581
1321,0.12018072605133057
1322,0.11857563257217407
1323,0.1264227032661438
1324,0.1212536096572876
1325,0.11749877780675888
1326,0.11983458697795868
1327,0.11560636758804321
1328,0.12559866905212402
1329,0.1273690164089203
1330,0.11834464967250824
1331,0.12415829300880432
1332,0.12372767925262451
1333,0.12099477648735046
1334,0.12627968192100525
1335,0.13358689844608307
1336,0.1368507742881775
1337,0.12865430116653442
1338,0.11930739134550095
1339,0.1070002093911171
1340,0.12194126099348068
1341,0.11795632541179657
1342,0.12008118629455566
1343,0.13194137811660767
1344,0.13446518778800964
1345,0.1325649619102478
1346,0.1203267052769661
1347,0.11497431993484497
1348,0.11723611503839493
1349,0.12114129960536957
1350,0.11716412007808685
1351,0.12785083055496216
1352,0.12285611778497696
1353,0.12316973507404327
1354,0.114931121468544
1355,0.11390453577041626
1356,0.12854638695716858
1357,0.13261723518371582
1358,0.13332980871200562
1359,0.13363194465637207
1360,0.1268865466117859
1361,0.11919978260993958
1362,0.11888132989406586
1363,0.11203290522098541
1364,0.11603318899869919
1365,0.11099979281425476
1366,0.1255275458097458
1367,0.12597432732582092
1368,0.1247023269534111
1369,0.12996366620063782
1370,0.12602466344833374
1371,0.1255035102367401
1372,0.12474526464939117
1373,0.1281336098909378
1374,0.13021692633628845
1375,0.1279003918170929
1376,0.11802863329648972
1377,0.11551707237958908
1378,0.11789222806692123
1379,0.12077859789133072
1380,0.12480650842189789
1381,0.1302930861711502
1382,0.13210466504096985
1383,0.1349402666091919
1384,0.13230670988559723
1385,0.12872251868247986
1386,0.11663199216127396
1387,0.11824117600917816
1388,0.1205141693353653
1389,0.1253318339586258
1390,0.1260165423154831
1391,0.12796975672245026
1392,0.12692168354988098
1393,0.12540315091609955
1394,0.1283685863018036
1395,0.12694382667541504
1396,0.12148161232471466
1397,0.12155802547931671
1398,0.12295211851596832
1399,0.11968494951725006
1400,0.12650024890899658
1401,0.1263987421989441
1402,0.12885895371437073
1403,0.12301090359687805
1404,0.1277037262916565
1405,0.1268063485622406
1406,0.12692049145698547
1407,0.12947121262550354
1408,0.12591782212257385
1409,0.1188010647892952
1410,0.12402082234621048
1411,0.12265285849571228
1412,0.13535018265247345
1413,0.13260012865066528
1414,0.1246352344751358
1415,0.11959792673587799
1416,0.12549826502799988
1417,0.12276938557624817
1418,0.12624076008796692
1419,0.13015396893024445
1420,0.1265885978937149
1421,0.12077296525239944
1422,0.11875671148300171
1423,0.1189112588763237
1424,0.12158535420894623
1425,0.13194966316223145
1426,0.1251325011253357
1427,0.1269412636756897
1428,0.12467356771230698
1429,0.12803590297698975
1430,0.1274135708808899
1431,0.1327362060546875
1432,0.1254345029592514
1433,0.12115423381328583
1434,0.12263152003288269
1435,0.11970952153205872
1436,0.12364307045936584
1437,0.12427164614200592
1438,0.12587933242321014
1439,0.12550419569015503
1440,0.12286174297332764
1441,0.1252772957086563
1442,0.1316312998533249
1443,0.127020925283432
1444,0.12699025869369507
1445,0.12177003920078278
1446,0.12032772600650787
1447,0.13013294339179993
1448,0.12945787608623505
1449,0.12501949071884155
1450,0.12674476206302643
1451,0.12622138857841492
1452,0.12610039114952087
1453,0.12857481837272644
1454,0.13518430292606354
1455,0.12361949682235718
1456,0.1292262077331543
1457,0.1218227967619896
1458,0.12046922743320465
1459,0.1224176287651062
1460,0.12142668664455414
1461,0.12620115280151367
1462,0.12510287761688232
1463,0.13244853913784027
1464,0.13289141654968262
1465,0.12894374132156372
1466,0.12366125732660294
1467,0.12573477625846863
1468,0.12692368030548096
1469,0.1267123520374298
1470,0.12993282079696655
1471,0.13122600317001343
1472,0.1293092966079712
1473,0.1217903345823288
1474,0.11704879999160767
1475,0.12275451421737671
1476,0.12789157032966614
1477,0.12422356754541397
1478,0.12634491920471191
1479,0.12366393208503723
1480,0.12506802380084991
1481,0.1254938244819641
1482,0.12632986903190613
1483,0.12477170675992966
1484,0.12662696838378906
1485,0.11865343153476715
1486,0.12845247983932495
1487,0.12115776538848877
1488,0.1266174614429474
1489,0.13452742993831635
1490,0.12896008789539337
1491,0.1294708102941513
1492,0.12566906213760376
1493,0.12468406558036804
1494,0.12316069006919861
1495,0.1291428804397583
1496,0.12642443180084229
1497,0.12480974197387695
1498,0.12392372637987137
1499,0.12509864568710327
1500,0.12436389178037643
1501,0.12492959201335907
1502,0.1307445466518402
1503,0.13633060455322266
1504,0.1296541392803192
1505,0.1320641189813614
1506,0.1262618899345398
1507,0.12601399421691895
1508,0.1305176168680191
1509,0.13048869371414185
1510,0.13046133518218994
1511,0.12430758774280548
1512,0.1197611391544342
1513,0.12543654441833496
1514,0.1237553283572197
1515,0.12846165895462036
1516,0.13318698108196259
1517,0.13179369270801544
1518,0.13137920200824738
1519,0.13022968173027039
1520,0.1304355263710022
1521,0.12570783495903015
1522,0.12708568572998047
1523,0.12679114937782288
1524,0.12584257125854492
1525,0.12776201963424683
1526,0.12835153937339783
1527,0.12265444546937943
1528,0.12413263320922852
1529,0.12545105814933777
1530,0.129339337348938
1531,0.13136932253837585
1532,0.12801417708396912
1533,0.12609800696372986
1534,0.1256933957338333
1535,0.12623755633831024
1536,0.12989015877246857
1537,0.12784601747989655
1538,0.12708105146884918
1539,0.12603269517421722
1540,0.12404695153236389
1541,0.12832501530647278
1542,0.1292112171649933
1543,0.1295015811920166
1544,0.12650147080421448
1545,0.12599700689315796
1546,0.11987774074077606
1547,0.11930111050605774
1548,0.11940689384937286
1549,0.1305217444896698
1550,0.12965841591358185
1551,0.12868759036064148
1552,0.1279822140932083
1553,0.12925109267234802
1554,0.13021725416183472
1555,0.12703442573547363
1556,0.12510770559310913
1557,0.12532496452331543
1558,0.12421506643295288
1559,0.1286088526248932
1560,0.13096070289611816
1561,0.12901480495929718
1562,0.12936122715473175
1563,0.12948714196681976
1564,0.12600255012512207
1565,0.13103537261486053
1566,0.1284216195344925
1567,0.1298922598361969
1568,0.12853872776031494
1569,0.12585750222206116
1570,0.1202935203909874
1571,0.11954739689826965
1572,0.11955296248197556
1573,0.12444460391998291
1574,0.13112597167491913
1575,0.13487978279590607
1576,0.13900494575500488
1577,0.14019697904586792
1578,0.13129696249961853
1579,0.1270308494567871
1580,0.12460204213857651
1581,0.12353163957595825
1582,0.12819340825080872
1583,0.12779396772384644
1584,0.12705367803573608
1585,0.1279723346233368
1586,0.13071033358573914
1587,0.13682018220424652
1588,0.13341060280799866
1589,0.1291852444410324
1590,0.12660598754882812
1591,0.12387160956859589
1592,0.1271139681339264
1593,0.12616583704948425
1594,0.1274414360523224
1595,0.12786626815795898
1596,0.12548431754112244
1597,0.12469106912612915
1598,0.12577924132347107
1599,0.1297922134399414
1600,0.13495123386383057
1601,0.1358262151479721
1602,0.13163506984710693
1603,0.1330755650997162
1604,0.12893617153167725
1605,0.1278713047504425
1606,0.125177264213562
1607,0.1260826587677002
1608,0.13084152340888977
1609,0.13090477883815765
1610,0.13181132078170776
1611,0.1294308602809906
1612,0.1309240460395813
1613,0.12904450297355652
1614,0.13003085553646088
1615,0.12980413436889648
1616,0.12804368138313293
1617,0.1296961009502411
1618,0.12522399425506592
1619,0.12228412181138992
1620,0.12217014282941818
1621,0.1267479956150055
1622,0.13103321194648743
1623,0.1322970688343048
1624,0.13184235990047455
1625,0.13082249462604523
1626,0.12671945989131927
1627,0.12446622550487518
1628,0.12262357771396637
1629,0.12574169039726257
1630,0.12803643941879272
1631,0.13504770398139954
1632,0.13213804364204407
1633,0.13630764186382294
1634,0.13149847090244293
1635,0.1337646096944809
1636,0.12295606732368469
1637,0.12315014749765396
1638,0.12565238773822784
1639,0.12486262619495392
1640,0.12692168354988098
1641,0.12835657596588135
1642,0.13346895575523376
1643,0.14298585057258606
1644,0.13431592285633087
1645,0.13057732582092285
1646,0.1257106065750122
1647,0.12835121154785156
1648,0.127925843000412
1649,0.12658506631851196
1650,0.12618212401866913
1651,0.12832340598106384
1652,0.1329154223203659
1653,0.1302899718284607
1654,0.12813271582126617
1655,0.1269611418247223
1656,0.12854772806167603
1657,0.12810653448104858
1658,0.13195908069610596
1659,0.12961015105247498
1660,0.13005518913269043
1661,0.12917417287826538
1662,0.12814468145370483
1663,0.12659800052642822
1664,0.12866553664207458
1665,0.131198912858963
1666,0.1295948326587677
1667,0.13097232580184937
1668,0.12663446366786957
1669,0.13414156436920166
1670,0.13505873084068298
1671,0.13229623436927795
1672,0.13476955890655518
1673,0.12682417035102844
1674,0.12439209222793579
1675,0.12329088151454926
1676,0.1255493462085724
1677,0.1257290244102478
1678,0.1296023279428482
1679,0.12575924396514893
1680,0.13249064981937408
1681,0.13130420446395874
1682,0.13743865489959717
1683,0.13527832925319672
1684,0.13546043634414673
1685,0.13257940113544464
1686,0.12979161739349365
1687,0.12449094653129578
1688,0.1227683573961258
1689,0.121157206594944
1690,0.12493785470724106
1691,0.12771567702293396
1692,0.1278073787689209
1693,0.1274186670780182
1694,0.12902966141700745
1695,0.13112860918045044
1696,0.1331530213356018
1697,0.13130390644073486
1698,0.13048291206359863
1699,0.13143211603164673
1700,0.12485161423683167
1701,0.12593784928321838
1702,0.1301608383655548
1703,0.13328218460083008
1704,0.12899184226989746
1705,0.12833206355571747
1706,0.12938472628593445
1707,0.13269755244255066
1708,0.13116693496704102
1709,0.13111110031604767
1710,0.1323988437652588
1711,0.13033510744571686
1712,0.12711703777313232
1713,0.12505647540092468
1714,0.12789928913116455
1715,0.12705634534358978
1716,0.1321624219417572
1717,0.13095131516456604
1718,0.13120250403881073
1719,0.12906593084335327
1720,0.12710338830947876
1721,0.1309058517217636
1722,0.1330312192440033
1723,0.1323901116847992
1724,0.1291755586862564
1725,0.1307724118232727
1726,0.127558633685112
1727,0.13229866325855255
1728,0.12951764464378357
1729,0.1264413595199585
1730,0.12948152422904968
1731,0.1312771737575531
1732,0.1317146122455597
1733,0.13258981704711914
1734,0.12891486287117004
1735,0.1331857591867447
1736,0.12955626845359802
1737,0.12583401799201965
1738,0.12983599305152893
1739,0.1316744089126587
1740,0.12826701998710632
1741,0.12652435898780823
1742,0.12836718559265137
1743,0.12807375192642212
1744,0.12952283024787903
1745,0.13260111212730408
1746,0.1334608495235443
1747,0.1309000551700592
1748,0.12809908390045166
1749,0.12951192259788513
1750,0.1259036511182785
1751,0.1278490126132965
1752,0.1315782517194748
1753,0.13163608312606812
1754,0.1292729675769806
1755,0.13018803298473358
1756,0.12818583846092224
1757,0.13022343814373016
1758,0.12867680191993713
1759,0.1314697265625
1760,0.12919878959655762
1761,0.12954860925674438
1762,0.13256704807281494
1763,0.13576187193393707
1764,0.13438813388347626
1765,0.13125351071357727
1766,0.13102039694786072
1767,0.13133946061134338
1768,0.13125361502170563
1769,0.12958647310733795
1770,0.12824659049510956
1771,0.13154283165931702
1772,0.12768793106079102
1773,0.13306865096092224
1774,0.13077086210250854
1775,0.13039952516555786
1776,0.13129538297653198
1777,0.13031569123268127
1778,0.12877877056598663
1779,0.12935858964920044
1780,0.12901321053504944
1781,0.13042831420898438
1782,0.12931589782238007
1783,0.13141539692878723
1784,0.13207398355007172
1785,0.13016299903392792
1786,0.13117462396621704
1787,0.13311359286308289
1788,0.13198375701904297
1789,0.1290215402841568
1790,0.12984606623649597
1791,0.1289798468351364
1792,0.12904712557792664
1793,0.13194888830184937
1794,0.13174614310264587
1795,0.1330740749835968
1796,0.13379991054534912
1797,0.12895625829696655
1798,0.13013383746147156
1799,0.12920035421848297
1800,0.1325051337480545
1801,0.13065406680107117
1802,0.13003197312355042
1803,0.13178031146526337
1804,0.1319904625415802
1805,0.13526774942874908
1806,0.1333988606929779
1807,0.13132470846176147
1808,0.12906289100646973
1809,0.1309525966644287
1810,0.12887030839920044
1811,0.12722450494766235
1812,0.12851592898368835
1813,0.12905508279800415
1814,0.13253232836723328
1815,0.1322936713695526
1816,0.1315171867609024
1817,0.13058890402317047
1818,0.13103920221328735
1819,0.12977534532546997
1820,0.13173910975456238
1821,0.1323072612285614
1822,0.13250401616096497
1823,0.12844397127628326
1824,0.12872572243213654
1825,0.12875987589359283
1826,0.13028065860271454
1827,0.13056588172912598
1828,0.13076388835906982
1829,0.12939243018627167
1830,0.13153767585754395
1831,0.12955784797668457
1832,0.13340476155281067
1833,0.12884967029094696
1834,0.12975889444351196
1835,0.13112854957580566
1836,0.1314728558063507
1837,0.12680348753929138
1838,0.12490109354257584
1839,0.12511345744132996
1840,0.12876003980636597
1841,0.13067477941513062
1842,0.13092131912708282
1843,0.13040637969970703
1844,0.1315467357635498
1845,0.12866663932800293
1846,0.13189657032489777
1847,0.13181066513061523
1848,0.1307350993156433
1849,0.13194774091243744
1850,0.1312011182308197
1851,0.12958820164203644
1852,0.13036149740219116
1853,0.12803718447685242
1854,0.13223040103912354
1855,0.13291314244270325
1856,0.13031800091266632
1857,0.13147413730621338
1858,0.13307148218154907
1859,0.13176120817661285
1860,0.13141945004463196
1861,0.131092369556427
1862,0.13045072555541992
1863,0.12785373628139496
1864,0.12906989455223083
1865,0.12984299659729004
1866,0.13163062930107117
1867,0.13454189896583557
1868,0.13127045333385468
1869,0.13159136474132538
1870,0.13283175230026245
1871,0.13362577557563782
1872,0.1298980712890625
1873,0.13058826327323914
1874,0.12907469272613525
1875,0.12898340821266174
1876,0.13137926161289215
1877,0.13099759817123413
1878,0.1304071694612503
1879,0.12778891623020172
1880,0.12887758016586304
1881,0.1300049126148224
1882,0.13010291755199432
1883,0.13246317207813263
1884,0.13491564989089966
1885,0.13257355988025665
1886,0.130759596824646
1887,0.1299835443496704
1888,0.12965309619903564
1889,0.12956033647060394
1890,0.13124267756938934
1891,0.13418598473072052
1892,0.1321220099925995
1893,0.12869158387184143
1894,0.13110093772411346
1895,0.1328602433204651
1896,0.1307298243045807
1897,0.13061979413032532
1898,0.13067644834518433
1899,0.13076451420783997
1900,0.13204587996006012
1901,0.13351957499980927
1902,0.1324087381362915
1903,0.13010619580745697
1904,0.1289132684469223
1905,0.12825116515159607
1906,0.1299242377281189
1907,0.1298578381538391
1908,0.13422247767448425
1909,0.13050490617752075
1910,0.13120202720165253
1911,0.13136866688728333
1912,0.1326611042022705
1913,0.1297101527452469
1914,0.1338176429271698
1915,0.13128730654716492
1916,0.12923476099967957
1917,0.12978988885879517
1918,0.13031181693077087
1919,0.1336003988981247
1920,0.13252602517604828
1921,0.13145077228546143
1922,0.13142062723636627
1923,0.1313871145248413
1924,0.1328532099723816
1925,0.1334526240825653
1926,0.13484494388103485
1927,0.13074859976768494
1928,0.129472553730011
1929,0.12621207535266876
1930,0.1280415654182434
1931,0.12995681166648865
1932,0.13493382930755615
1933,0.13365361094474792
1934,0.13356757164001465
1935,0.13325366377830505
1936,0.1319042444229126
1937,0.1316799819469452
1938,0.1317848563194275
1939,0.1321163773536682
1940,0.133457750082016
1941,0.12987849116325378
1942,0.1297307312488556
1943,0.1299734115600586
1944,0.1318037509918213
1945,0.13074807822704315
1946,0.13174471259117126
1947,0.13428832590579987
1948,0.13204288482666016
1949,0.1305997371673584
1950,0.13214096426963806
1951,0.12946003675460815
1952,0.1332760602235794
1953,0.13241364061832428
1954,0.13001221418380737
1955,0.13000181317329407
1956,0.1296076625585556
1957,0.1271408200263977
1958,0.12940102815628052
1959,0.13368716835975647
1960,0.134729266166687
1961,0.1331852376461029
1962,0.13155734539031982
1963,0.1302388310432434
1964,0.1292768269777298
1965,0.12911762297153473
1966,0.1287054419517517
1967,0.1310647428035736
1968,0.12937185168266296
1969,0.13182590901851654
1970,0.13224489986896515
1971,0.1312820315361023
1972,0.13097280263900757
1973,0.13314862549304962
1974,0.13241921365261078
1975,0.1331481635570526
1976,0.1324969381093979
1977,0.13103124499320984
1978,0.1334596574306488
1979,0.1349204182624817
1980,0.13261255621910095
1981,0.13233934342861176
1982,0.12909893691539764
1983,0.12958011031150818
1984,0.13047045469284058
1985,0.13138365745544434
1986,0.13189564645290375
1987,0.1311352550983429
1988,0.13108530640602112
1989,0.13264822959899902
1990,0.13377417623996735
1991,0.131903275847435
1992,0.13011151552200317
1993,0.13181206583976746
1994,0.1325775384902954
1995,0.132382333278656
1996,0.1302623152732849
1997,0.13405832648277283
1998,0.1336299031972885
1999,0.12987497448921204
2000,0.12984851002693176
2001,0.13114529848098755
2002,0.12921759486198425
2003,0.13106411695480347
2004,0.13040757179260254
2005,0.13072939217090607
2006,0.1304677128791809
2007,0.13117830455303192
2008,0.13096407055854797
2009,0.1320323646068573
2010,0.13072440028190613
2011,0.13139736652374268
2012,0.13144177198410034
2013,0.13067138195037842
2014,0.1323166787624359
2015,0.13157454133033752
2016,0.13201338052749634
2017,0.12987294793128967
2018,0.13204674422740936
2019,0.13028991222381592
2020,0.13150909543037415
2021,0.131906658411026
2022,0.1315612643957138
2023,0.13267818093299866
2024,0.13210180401802063
2025,0.13107925653457642
2026,0.1313411295413971
2027,0.1318957507610321
2028,0.13153982162475586
2029,0.13107022643089294
2030,0.13081717491149902
2031,0.1326243132352829
2032,0.13140127062797546
2033,0.13196322321891785
2034,0.13212446868419647
2035,0.13166919350624084
2036,0.13233987987041473
2037,0.13206377625465393
2038,0.13138078153133392
2039,0.13055555522441864
2040,0.13138934969902039
2041,0.13135677576065063
2042,0.13147486746311188
2043,0.1313486099243164
2044,0.13162554800510406
2045,0.13234400749206543
2046,0.13184775412082672
2047,0.13227418065071106
2048,0.1314222812652588
2049,0.13096284866333008
2050,0.1315944790840149
2051,0.13142934441566467
2052,0.13127204775810242
2053,0.13261711597442627
2054,0.13314278423786163
2055,0.1323147416114807
2056,0.13203725218772888
2057,0.13163264095783234
2058,0.13095656037330627
2059,0.13178697228431702
2060,0.1313585489988327
2061,0.13004465401172638
2062,0.13069474697113037
2063,0.1322089433670044
2064,0.1313077211380005
2065,0.13158339262008667
2066,0.1314818263053894
2067,0.13178646564483643
2068,0.1313067376613617
2069,0.13231199979782104
2070,0.13196909427642822
2071,0.13288944959640503
2072,0.13290183246135712
2073,0.1320810765028
2074,0.13112449645996094
2075,0.13133159279823303
2076,0.1325116753578186
2077,0.1317579299211502
2078,0.1313742995262146
2079,0.13029025495052338
2080,0.1316782832145691
2081,0.131575345993042
2082,0.13254788517951965
2083,0.13251665234565735
2084,0.13170236349105835
2085,0.1326996088027954
2086,0.13181963562965393
2087,0.1326572597026825
2088,0.13101428747177124
2089,0.13091324269771576
2090,0.13223105669021606
2091,0.13154055178165436
2092,0.13157790899276733
2093,0.13065411150455475
2094,0.13100925087928772
2095,0.13121254742145538
2096,0.13272085785865784
2097,0.13200221955776215
2098,0.13322609663009644
2099,0.13243834674358368
2100,0.13254106044769287
2101,0.13201794028282166
2102,0.13269072771072388
2103,0.13213005661964417
2104,0.13164500892162323
2105,0.1312093734741211
2106,0.13139745593070984
2107,0.13117995858192444
2108,0.131349116563797
2109,0.12977413833141327
2110,0.13170677423477173
2111,0.1318407952785492
2112,0.1315857172012329
2113,0.13218364119529724
2114,0.13187448680400848
2115,0.13182491064071655
2116,0.1304977685213089
2117,0.12978380918502808
2118,0.13231852650642395
2119,0.13231727480888367
2120,0.13345244526863098
2121,0.13310734927654266
2122,0.133363276720047
2123,0.13258564472198486
2124,0.13279399275779724
2125,0.1316693127155304
2126,0.13157400488853455
2127,0.1317136585712433
2128,0.13269565999507904
2129,0.1331699788570404
2130,0.1315714418888092
2131,0.13025420904159546
2132,0.13158874213695526
2133,0.1316894292831421
2134,0.1304762214422226
2135,0.13172993063926697
2136,0.13026770949363708
2137,0.13252905011177063
2138,0.13169249892234802
2139,0.13269945979118347
2140,0.13244962692260742
2141,0.13195961713790894
2142,0.1315324604511261
2143,0.13170947134494781
2144,0.13121867179870605
2145,0.13151085376739502
2146,0.1312793344259262
2147,0.13155297935009003
2148,0.13154228031635284
2149,0.13119952380657196
2150,0.1317816525697708
2151,0.132274329662323
2152,0.13147905468940735
2153,0.1327405720949173
2154,0.13214291632175446
2155,0.132140651345253
2156,0.13198521733283997
2157,0.13179172575473785
2158,0.13123057782649994
2159,0.1324441283941269
2160,0.13230255246162415
2161,0.1314144730567932
2162,0.13150227069854736
2163,0.13144204020500183
2164,0.13036426901817322
2165,0.13211211562156677
2166,0.13207575678825378
2167,0.13194355368614197
2168,0.13141323626041412
2169,0.13198211789131165
2170,0.1317608654499054
2171,0.13229897618293762
2172,0.13192328810691833
2173,0.13197718560695648
2174,0.13166466355323792
2175,0.1318005621433258
2176,0.1323719322681427
2177,0.1325547993183136
2178,0.13238711655139923
2179,0.13256043195724487
2180,0.13160595297813416
2181,0.13197144865989685
2182,0.13087308406829834
2183,0.1313544511795044
2184,0.13255204260349274
2185,0.13205300271511078
2186,0.13220807909965515
2187,0.1325271725654602
2188,0.13157111406326294
2189,0.13227590918540955
2190,0.13243043422698975
2191,0.13243210315704346
2192,0.13129380345344543
2193,0.13178294897079468
2194,0.13172084093093872
2195,0.13233426213264465
2196,0.13159780204296112
2197,0.13182219862937927
2198,0.13174238801002502
2199,0.13249483704566956
2200,0.13160544633865356
2201,0.13204506039619446
2202,0.13233336806297302
2203,0.13164913654327393
2204,0.13176149129867554
2205,0.1312325894832611
2206,0.13108980655670166
2207,0.13177604973316193
2208,0.1321055293083191
2209,0.13136547803878784
2210,0.13168007135391235
2211,0.13157084584236145
2212,0.13158321380615234
2213,0.13259559869766235
2214,0.13192537426948547
2215,0.13207650184631348
2216,0.13192716240882874
2217,0.13201192021369934
2218,0.13129141926765442
2219,0.13170254230499268
2220,0.13157540559768677
2221,0.13163787126541138
2222,0.13126958906650543
2223,0.13148805499076843
2224,0.13133393228054047
2225,0.1322237104177475
2226,0.13214263319969177
2227,0.13156044483184814
2228,0.13188132643699646
2229,0.1322968602180481
2230,0.13175272941589355
2231,0.13204023241996765
2232,0.13206514716148376
2233,0.13218289613723755
2234,0.1318788230419159
2235,0.1319310963153839
2236,0.1321873962879181
2237,0.1321437656879425
2238,0.1318487673997879
2239,0.13185149431228638
2240,0.13149654865264893
2241,0.13130909204483032
2242,0.13153859972953796
2243,0.13142217695713043
2244,0.13191431760787964
2245,0.13175895810127258
2246,0.13181072473526
2247,0.13221770524978638
2248,0.132608562707901
2249,0.1328422576189041
2250,0.13178208470344543
2251,0.13221509754657745
2252,0.13157054781913757
2253,0.1319304257631302
2254,0.1317373365163803
2255,0.13199609518051147
2256,0.13042883574962616
2257,0.1311974823474884
2258,0.13137508928775787
2259,0.13123100996017456
2260,0.13059714436531067
2261,0.13160721957683563
2262,0.13158780336380005
2263,0.1319979727268219
2264,0.13225549459457397
2265,0.13257798552513123
2266,0.1314466893672943
2267,0.13153670728206635
2268,0.13144998252391815
2269,0.13213889300823212
2270,0.1312098503112793
2271,0.13226264715194702
2272,0.1318422257900238
2273,0.1318601369857788
2274,0.1314973086118698
2275,0.13106974959373474
2276,0.1319521814584732
2277,0.13123178482055664
2278,0.13174547255039215
2279,0.1315307766199112
2280,0.13145476579666138
2281,0.13076680898666382
2282,0.1320546716451645
2283,0.13123422861099243
2284,0.13133135437965393
2285,0.13154220581054688
2286,0.13182859122753143
2287,0.13183028995990753
2288,0.13217636942863464
2289,0.1316390037536621
2290,0.1315385401248932
2291,0.1316622495651245
2292,0.13132455945014954
2293,0.13132186233997345
2294,0.1312950849533081
2295,0.1310385763645172
2296,0.13111230731010437
2297,0.1322493851184845
2298,0.1315365582704544
2299,0.13171331584453583
2300,0.1324930042028427
2301,0.13253188133239746
2302,0.13202568888664246
2303,0.13203150033950806
2304,0.13125883042812347
2305,0.13076119124889374
2306,0.13127687573432922
2307,0.13148164749145508
2308,0.13102880120277405
2309,0.13088107109069824
2310,0.13108330965042114
2311,0.13168799877166748
2312,0.13135914504528046
2313,0.13114245235919952
2314,0.13200294971466064
2315,0.13213998079299927
2316,0.13159146904945374
2317,0.1319596767425537
2318,0.13205869495868683
2319,0.13277998566627502
2320,0.13194650411605835
2321,0.13188603520393372
2322,0.13158980011940002
2323,0.13128241896629333
2324,0.13132968544960022
2325,0.1308472603559494
2326,0.13134290277957916
2327,0.13100142776966095
2328,0.13191089034080505
2329,0.13134649395942688
2330,0.13141801953315735
2331,0.13109630346298218
2332,0.13165999948978424
2333,0.13154226541519165
2334,0.13161695003509521
2335,0.13160081207752228
2336,0.13131216168403625
2337,0.13061848282814026
2338,0.13203367590904236
2339,0.1327119916677475
2340,0.1320836842060089
2341,0.13170284032821655
2342,0.13086679577827454
2343,0.131227046251297
2344,0.13051287829875946
2345,0.1308721899986267
2346,0.1316051334142685
2347,0.13130292296409607
2348,0.1313263177871704
2349,0.1294616460800171
2350,0.1308852732181549
2351,0.13261574506759644
2352,0.13213244080543518
2353,0.13245604932308197
2354,0.13207226991653442
2355,0.13199850916862488
2356,0.1324046403169632
2357,0.13128264248371124
2358,0.13196253776550293
2359,0.13134530186653137
2360,0.13120563328266144
2361,0.13148966431617737
2362,0.1309925615787506
2363,0.13147079944610596
2364,0.1321907788515091
2365,0.13323603570461273
2366,0.13235661387443542
2367,0.13045445084571838
2368,0.13206902146339417
2369,0.13210253417491913
2370,0.13203462958335876
2371,0.13057132065296173
2372,0.13122862577438354
2373,0.1318558007478714
2374,0.1313731074333191
2375,0.13193756341934204
2376,0.13142931461334229
2377,0.13118976354599
2378,0.13165920972824097
2379,0.13106688857078552
2380,0.13271453976631165
2381,0.13264699280261993
2382,0.131686270236969
2383,0.13199858367443085
2384,0.13151030242443085
2385,0.13063552975654602
2386,0.13163013756275177
2387,0.13146960735321045
2388,0.13105706870555878
2389,0.13134407997131348
2390,0.1326671540737152
2391,0.13293063640594482
2392,0.13262084126472473
2393,0.13229233026504517
2394,0.13165324926376343
2395,0.13226436078548431
2396,0.13171064853668213
2397,0.13181249797344208
2398,0.13151539862155914
2399,0.13169215619564056
2400,0.1315397173166275
2401,0.13129350543022156
2402,0.13154368102550507
2403,0.1309482455253601
2404,0.13137727975845337
2405,0.13177931308746338
2406,0.13179951906204224
2407,0.13221541047096252
2408,0.1315319985151291
2409,0.13139685988426208
2410,0.1315731704235077
2411,0.13162735104560852
2412,0.13112303614616394
2413,0.13160543143749237
2414,0.13147470355033875
2415,0.1315954029560089
2416,0.1318546086549759
2417,0.13203057646751404
2418,0.13159359991550446
2419,0.13126790523529053
2420,0.1317460834980011
2421,0.13101062178611755
2422,0.13144561648368835
2423,0.13178293406963348
2424,0.13189008831977844
2425,0.13147929310798645
2426,0.1329350769519806
2427,0.13223960995674133
2428,0.13137435913085938
2429,0.13196533918380737
2430,0.13047516345977783
2431,0.13175147771835327
2432,0.13160863518714905
2433,0.13196083903312683
2434,0.13119472563266754
2435,0.13162660598754883
2436,0.13176006078720093
2437,0.1317882388830185
2438,0.1324464976787567
2439,0.1321122795343399
2440,0.13138233125209808
2441,0.13141155242919922
2442,0.13140419125556946
2443,0.1309579759836197
2444,0.1314045488834381
2445,0.13222889602184296
2446,0.13201643526554108
2447,0.13176795840263367
2448,0.1319577842950821
2449,0.1316257119178772
2450,0.13188791275024414
2451,0.13195250928401947
2452,0.13181598484516144
2453,0.1313886046409607
2454,0.1317289173603058
2455,0.1313134729862213
2456,0.13112983107566833
2457,0.13221126794815063
2458,0.13166771829128265
2459,0.1320919245481491
2460,0.1320403814315796
2461,0.1315871626138687
2462,0.13203071057796478
2463,0.13217653334140778
2464,0.13201886415481567
2465,0.13160032033920288
2466,0.13030941784381866
2467,0.131502166390419
2468,0.13059978187084198
2469,0.13191840052604675
2470,0.13240626454353333
2471,0.1319577842950821
2472,0.1324698030948639
2473,0.13187971711158752
2474,0.13255786895751953
2475,0.13227975368499756
2476,0.13158267736434937
2477,0.13109032809734344
2478,0.13139978051185608
2479,0.13142730295658112
2480,0.13144934177398682
2481,0.1317535638809204
2482,0.1301184743642807
2483,0.13258753716945648
2484,0.1321602165699005
2485,0.1321660876274109
2486,0.13213425874710083
2487,0.13191893696784973
2488,0.13169589638710022
2489,0.13161218166351318
2490,0.13157543540000916
2491,0.13103878498077393
2492,0.1309736669063568
2493,0.1307736337184906
2494,0.12977884709835052
2495,0.13146468997001648
2496,0.13216480612754822
2497,0.1315671056509018
2498,0.13250479102134705
2499,0.13194698095321655
2500,0.13206791877746582
2501,0.1317048817873001
2502,0.13149556517601013
2503,0.13173320889472961
2504,0.13142837584018707
2505,0.1317661702632904
2506,0.13184720277786255
2507,0.13141947984695435
2508,0.1315402388572693
2509,0.13123086094856262
2510,0.1316547393798828
2511,0.1316230297088623
2512,0.13176028430461884
2513,0.13213570415973663
2514,0.13203467428684235
2515,0.13055358827114105
2516,0.1323850452899933
2517,0.1320067048072815
2518,0.1318710446357727
2519,0.13183382153511047
2520,0.13209129869937897
2521,0.13152071833610535
2522,0.1321810483932495
2523,0.13156601786613464
2524,0.13236337900161743
2525,0.13177239894866943
2526,0.13206207752227783
2527,0.1323281079530716
2528,0.13170155882835388
2529,0.13123470544815063
2530,0.1308670938014984
2531,0.1314111053943634
2532,0.13163374364376068
2533,0.13098852336406708
2534,0.13170990347862244
2535,0.13162237405776978
2536,0.1318962723016739
2537,0.13079804182052612
2538,0.13212360441684723
2539,0.1312551647424698
2540,0.13190294802188873
2541,0.12982381880283356
2542,0.13151846826076508
2543,0.13178658485412598
2544,0.13175858557224274
2545,0.13101807236671448
2546,0.13176147639751434
2547,0.13148078322410583
2548,0.13208484649658203
2549,0.1318713128566742
2550,0.13199004530906677
2551,0.13219322264194489
2552,0.13137274980545044
2553,0.13136500120162964
2554,0.13167613744735718
2555,0.13198351860046387
2556,0.12993255257606506
2557,0.13168802857398987
2558,0.13188087940216064
2559,0.1305215060710907
2560,0.13128088414669037
2561,0.13181383907794952
2562,0.13018038868904114
2563,0.13176864385604858
2564,0.13079093396663666
2565,0.1328755021095276
2566,0.13278448581695557
2567,0.13257090747356415
2568,0.13231974840164185
2569,0.13227854669094086
2570,0.13248732686042786
2571,0.12995794415473938
2572,0.13181999325752258
2573,0.1311810314655304
2574,0.13133949041366577
2575,0.13048005104064941
2576,0.13165777921676636
2577,0.13119341433048248
2578,0.1323113739490509
2579,0.1320890486240387
2580,0.13195297122001648
2581,0.13236844539642334
2582,0.13159161806106567
2583,0.13218891620635986
2584,0.13102668523788452
2585,0.13157010078430176
2586,0.13109856843948364
2587,0.13141950964927673
2588,0.1313217282295227
2589,0.13205912709236145
2590,0.13185232877731323
2591,0.13101404905319214
2592,0.13166555762290955
2593,0.13199320435523987
2594,0.1322007179260254
2595,0.13219928741455078
2596,0.1320171058177948
2597,0.1318511962890625
2598,0.1315382719039917
2599,0.1306651532649994
2600,0.13147251307964325
2601,0.13167759776115417
2602,0.13177798688411713
2603,0.1320132464170456
2604,0.13266372680664062
2605,0.1315736472606659
2606,0.13185815513134003
2607,0.13244256377220154
2608,0.13192379474639893
2609,0.13156653940677643
2610,0.13170406222343445
2611,0.13140085339546204
2612,0.13106651604175568
2613,0.13211679458618164
2614,0.13154688477516174
2615,0.1318478286266327
2616,0.1317477822303772
2617,0.12962958216667175
2618,0.12972542643547058
2619,0.1316046267747879
2620,0.12974676489830017
2621,0.13241499662399292
2622,0.1328546404838562
2623,0.1326744258403778
2624,0.13175638020038605
2625,0.1320376992225647
2626,0.131905660033226
2627,0.13235482573509216
2628,0.13201338052749634
2629,0.13124512135982513
2630,0.13120776414871216
2631,0.13215453922748566
2632,0.13177524507045746
2633,0.13087838888168335
2634,0.13280263543128967
2635,0.13071230053901672
2636,0.13190294802188873
2637,0.1321934312582016
2638,0.13175588846206665
2639,0.1313946694135666
2640,0.1318049430847168
2641,0.13198061287403107
2642,0.13179649412631989
2643,0.13215292990207672
2644,0.13182878494262695
2645,0.13216929137706757
2646,0.13133181631565094
2647,0.13153040409088135
2648,0.13194260001182556
2649,0.13167943060398102
2650,0.13198086619377136
2651,0.13253165781497955
2652,0.1322985142469406
2653,0.13181132078170776
2654,0.13172537088394165
2655,0.13184332847595215
2656,0.1315411925315857
2657,0.13104093074798584
2658,0.13192318379878998
2659,0.1311783641576767
2660,0.1320473551750183
2661,0.13148728013038635
2662,0.13112783432006836
2663,0.1317594200372696
2664,0.13215313851833344
2665,0.13017097115516663
2666,0.13192297518253326
2667,0.13184854388237
2668,0.13147862255573273
2669,0.1320064216852188
2670,0.13172277808189392
2671,0.13121873140335083
2672,0.13187433779239655
2673,0.13126446306705475
2674,0.1312752366065979
2675,0.13159683346748352
2676,0.13202054798603058
2677,0.13128350675106049
2678,0.13210910558700562
2679,0.13225111365318298
2680,0.13199961185455322
2681,0.13118061423301697
2682,0.1306908279657364
2683,0.1312989890575409
2684,0.13180097937583923
2685,0.13159942626953125
2686,0.1319485604763031
2687,0.1320430189371109
2688,0.1324063539505005
2689,0.13198816776275635
2690,0.1318242847919464
2691,0.13213986158370972
2692,0.131731778383255
2693,0.13144032657146454
2694,0.13148126006126404
2695,0.13070206344127655
2696,0.131908118724823
2697,0.13171878457069397
2698,0.13205018639564514
2699,0.13167858123779297
2700,0.13244950771331787
2701,0.13226667046546936
2702,0.13230617344379425
2703,0.13212153315544128
2704,0.13195616006851196
2705,0.1316412091255188
2706,0.1317467987537384
2707,0.13149313628673553
2708,0.1315062940120697
2709,0.13128241896629333
2710,0.13163605332374573
2711,0.13201579451560974
2712,0.1313888281583786
2713,0.13163521885871887
2714,0.1315067559480667
2715,0.13284319639205933
2716,0.13129764795303345
2717,0.13156524300575256
2718,0.13212169706821442
2719,0.13223542273044586
2720,0.13179084658622742
2721,0.13193780183792114
2722,0.1319311559200287
2723,0.13212555646896362
2724,0.13115158677101135
2725,0.1319035142660141
2726,0.13188254833221436
2727,0.13138733804225922
2728,0.131906658411026
2729,0.13201618194580078
2730,0.13242527842521667
2731,0.13179711997509003
2732,0.13145063817501068
2733,0.13193514943122864
2734,0.1319851279258728
2735,0.1318659633398056
2736,0.1311807632446289
2737,0.13222798705101013
2738,0.13105647265911102
2739,0.13156916201114655
2740,0.13181892037391663
2741,0.1321568787097931
2742,0.13187643885612488
2743,0.13117416203022003
2744,0.13162896037101746
2745,0.13203030824661255
2746,0.13141360878944397
2747,0.1323935091495514
2748,0.13099591434001923
2749,0.13192276656627655
2750,0.13160046935081482
2751,0.13210397958755493
2752,0.13186728954315186
2753,0.13192519545555115
2754,0.13196836411952972
2755,0.13163629174232483
2756,0.13185064494609833
2757,0.13209889829158783
2758,0.13118575513362885
2759,0.13128067553043365
2760,0.1319291740655899
2761,0.13168922066688538
2762,0.1322457641363144
2763,0.1320684552192688
2764,0.131483256816864
2765,0.1311638057231903
2766,0.13191954791545868
2767,0.13155275583267212
2768,0.13114193081855774
2769,0.13139456510543823
2770,0.13150085508823395
2771,0.13151736557483673
2772,0.13217666745185852
2773,0.1315464824438095
2774,0.1322813481092453
2775,0.1317541003227234
2776,0.1323927789926529
2777,0.13151855766773224
2778,0.13166330754756927
2779,0.1308930516242981
2780,0.13176077604293823
2781,0.13128811120986938
2782,0.13138723373413086
2783,0.13157613575458527
2784,0.13177978992462158
2785,0.13156041502952576
2786,0.1316068321466446
2787,0.13150069117546082
2788,0.13179580867290497
2789,0.1322224736213684
2790,0.13225670158863068
2791,0.13213573396205902
2792,0.13174033164978027
2793,0.13196003437042236
2794,0.13167795538902283
2795,0.13142257928848267
2796,0.13152077794075012
2797,0.13116151094436646
2798,0.13195931911468506
2799,0.13106659054756165
2800,0.13189727067947388
2801,0.13137201964855194
2802,0.13177168369293213
2803,0.1318742334842682
2804,0.13188166916370392
2805,0.13127835094928741
2806,0.13168711960315704
2807,0.13200877606868744
2808,0.13180845975875854
2809,0.1314554065465927
2810,0.1318877935409546
2811,0.13186860084533691
2812,0.1311468482017517
2813,0.13177824020385742
2814,0.13231632113456726
2815,0.13204732537269592
2816,0.1323290765285492
2817,0.13124603033065796
2818,0.1315651535987854
2819,0.13148078322410583
2820,0.132262721657753
2821,0.1319362223148346
2822,0.13154944777488708
2823,0.13150201737880707
2824,0.13222144544124603
2825,0.13176333904266357
2826,0.13232406973838806
2827,0.13148333132266998
2828,0.13155651092529297
2829,0.1319435089826584
2830,0.13126081228256226
2831,0.131894052028656
2832,0.13199615478515625
2833,0.13151028752326965
2834,0.13084200024604797
2835,0.1315540224313736
2836,0.13115835189819336
2837,0.13169381022453308
2838,0.1315670907497406
2839,0.1321529597043991
2840,0.13242322206497192
2841,0.13221552968025208
2842,0.13146796822547913
2843,0.13114452362060547
2844,0.13152438402175903
2845,0.13124486804008484
2846,0.1319180428981781
2847,0.1314152181148529
2848,0.13154390454292297
2849,0.13205045461654663
2850,0.13102787733078003
2851,0.1322113573551178
2852,0.13146880269050598
2853,0.13179565966129303
2854,0.13193117082118988
2855,0.1317673623561859
2856,0.1318499743938446
2857,0.13166555762290955
2858,0.1314479410648346
2859,0.1318526417016983
2860,0.13174080848693848
2861,0.13159015774726868
2862,0.13163940608501434
2863,0.1321626901626587
2864,0.1315847635269165
2865,0.1319408416748047
2866,0.1313672810792923
2867,0.1324326992034912
2868,0.13232262432575226
2869,0.13200968503952026
2870,0.13176414370536804
2871,0.1315646767616272
2872,0.13136915862560272
2873,0.1314108818769455
2874,0.13158957660198212
2875,0.13146938383579254
2876,0.13143028318881989
2877,0.13242021203041077
2878,0.131626158952713
2879,0.13167616724967957
2880,0.1317688524723053
2881,0.13161316514015198
2882,0.13117316365242004
2883,0.13162469863891602
2884,0.13151879608631134
2885,0.13177166879177094
2886,0.13152320683002472
2887,0.1316003054380417
2888,0.13186140358448029
2889,0.13222232460975647
2890,0.132353737950325
2891,0.13195951282978058
2892,0.132317453622818
2893,0.13218052685260773
2894,0.13172592222690582
2895,0.1319591999053955
2896,0.13195669651031494
2897,0.131495863199234
2898,0.13146910071372986
2899,0.13173440098762512
2900,0.13206824660301208
2901,0.13129541277885437
2902,0.1317560225725174
2903,0.1322232186794281
2904,0.13181282579898834
2905,0.1319238245487213
2906,0.13183042407035828
2907,0.13274729251861572
2908,0.13149026036262512
2909,0.13116022944450378
2910,0.1316279023885727
2911,0.1315658986568451
2912,0.13156025111675262
2913,0.13146747648715973
2914,0.13178370893001556
2915,0.1318509578704834
2916,0.1314050406217575
2917,0.13213810324668884
2918,0.1315186619758606
2919,0.13177065551280975
2920,0.13209325075149536
2921,0.13186602294445038
2922,0.13186326622962952
2923,0.13165144622325897
2924,0.1317678987979889
2925,0.13192683458328247
2926,0.13149112462997437
2927,0.1304170936346054
2928,0.13105365633964539
2929,0.13109079003334045
2930,0.1317504346370697
2931,0.1318657100200653
2932,0.13160815834999084
2933,0.13183176517486572
2934,0.1321963667869568
2935,0.13216382265090942
2936,0.13159950077533722
2937,0.13189490139484406
2938,0.1313668042421341
2939,0.1314307004213333
2940,0.1313040852546692
2941,0.13156670331954956
2942,0.13142772018909454
2943,0.131521075963974
2944,0.1317051202058792
2945,0.1316649317741394
2946,0.1320907175540924
2947,0.13223445415496826
2948,0.13209539651870728
2949,0.13207203149795532
2950,0.1317966729402542
2951,0.13171155750751495
2952,0.13146370649337769
2953,0.13169178366661072
2954,0.1319487988948822
2955,0.1319761425256729
2956,0.132308691740036
2957,0.13179883360862732
2958,0.13166388869285583
2959,0.13206329941749573
2960,0.13191047310829163
2961,0.13169288635253906
2962,0.1318390667438507
2963,0.13208767771720886
2964,0.13225510716438293
2965,0.13196179270744324
2966,0.13198018074035645
2967,0.1314898580312729
2968,0.13131560385227203
2969,0.13108810782432556
2970,0.13102155923843384
2971,0.13152839243412018
2972,0.1317150592803955
2973,0.13207142055034637
2974,0.1323745846748352
2975,0.1321619749069214
2976,0.13160347938537598
2977,0.13261118531227112
2978,0.13195553421974182
2979,0.13180574774742126
2980,0.13273054361343384
2981,0.13236919045448303
2982,0.13184228539466858
2983,0.13130290806293488
2984,0.13179327547550201
2985,0.1319197416305542
2986,0.13102298974990845
2987,0.13155335187911987
2988,0.1319965422153473
2989,0.1315842866897583
2990,0.1317068636417389
2991,0.13172650337219238
2992,0.13175559043884277
2993,0.1313726305961609
2994,0.13197514414787292
2995,0.1317780613899231
2996,0.13246837258338928
2997,0.13213390111923218
2998,0.13190200924873352
2999,0.13176965713500977
3000,0.13168379664421082
